{
	"customer_id": 1,
	"full_name": "Кузнецова Маргарита Александровна",
	"sex": "ж",
	"birthdate": "15.11.1990",
	"phone": "+79503215247",
	"passport": "22 15 215846",
},
{
	"customer_id": 2,
	"full_name": "Кузнецов Максим Анатольевич",
	"sex": "м",
	"birthdate": "23.05.1992",
	"phone": "+75195623247",
	"passport": "20 11 211256",
},
{
	"customer_id": 3,
	"full_name": "Иванова Екатерина Александровна",
	"sex": "ж",
	"birthdate": "15.10.1970",
	"phone": "+79503287247",
	"passport": "20 33 249846",
},
{
	"customer_id": 4,
	"full_name": "Кузнецов Максим Максимович",
	"sex": "м",
	"birthdate": "23.05.2019",
	"phone": "+75195623247",
	"passport": ""
},
{
	"customer_id": 5,
	"full_name": "Петушкова Мария Васильевна",
	"sex": "ж",
	"birthdate": "23.05.1950",
	"phone": "+75195623247",
	"passport": "22 10 632548"
}