{
	"purchased_item_id": 1,
	"pass_id": 1,
	"id_programme": 6,
	"price": 8500,
},
{
	"purchased_item_id": 2,
	"pass_id": 1,
	"id_programme": 4,
	"price": 8000,
},
{
	"purchased_item_id": 3,
	"pass_id": 4,
	"id_programme": 7,
	"price": 8500,
},
{
	"purchased_item_id": 4,
	"pass_id": 5,
	"id_programme": 2,
	"price": 4500,
},
{
	"purchased_item_id": 5,
	"pass_id": 5,
	"id_programme": 1,
	"price": 8000,
},
{
	"purchased_item_id": 1,
	"pass_id": 2,
	"id_programme": 3,
	"price": 8500,
},
{
	"purchased_item_id": 2,
	"pass_id": 2,
	"id_programme": 1,
	"price": 8000,
},
{
	"purchased_item_id": 1,
	"pass_id": 3,
	"id_programme": 3,
	"price": 8500,
},
{
	"purchased_item_id": 2,
	"pass_id": 3,
	"id_programme": 5,
	"price": 8000,
},